foreign_id,stage_l,discharge_l
DYECRK01,1021.32,0
DYECRK01,1024.07,94.9965
DYECRK01,1024.98,190.699
DYECRK01,1025.52,271.217
DYECRK01,1026.17,389.521
DYECRK01,1026.54,469.685
DYECRK01,1027.02,584.105
DYECRK01,1027.41,694.64
WOLFCRK01,1045.54,0
WOLFCRK01,1050.46,235.337
WOLFCRK01,1050.95,469.614
WOLFCRK01,1051.12,662.185
WOLFCRK01,1051.4,946.08
WOLFCRK01,1051.62,1173.33
WOLFCRK01,1051.86,1422.79
WOLFCRK01,1052.11,1688.92
MQKTARV03,894.16,0
MQKTARV03,901.317,4977.21
MQKTARV03,903.296,9771.25
MQKTARV03,904.621,13681.9
MQKTARV03,906.401,19283.9
MQKTARV03,907.704,23593.2
MQKTARV03,908.936,27902.4
MQKTARV03,910.563,33935.4
HEWITTCR01,932.185,0
HEWITTCR01,937.757,1138.92
HEWITTCR01,939.995,2467.77
HEWITTCR01,941.11,3575.64
HEWITTCR01,941.891,5126.34
HEWITTCR01,942.341,6359.32
HEWITTCR01,942.591,7656.66
HEWITTCR01,942.797,8967.75
BEAR01,929.232,0
BEAR01,934.535,1259.81
BEAR01,935.432,2504.48
BEAR01,942.017,3480.19
BEAR01,945.61,4823.56
BEAR01,946.811,5864.85
BEAR01,948.011,6979.13
BEAR01,949.261,8124.7
WAPSI03,704.793,0
WAPSI03,714.612,10366.5
WAPSI03,716.98,19469.4
WAPSI03,717.807,25901.4
WAPSI03,718.528,34170.2
WAPSI03,718.995,40531.4
WAPSI03,719.456,47449.7
WAPSI03,719.907,54715
NFMQKTA02,921.982,0
NFMQKTA02,928.908,1808.35
NFMQKTA02,930.799,3752.9
NFMQKTA02,931.452,5325.99
NFMQKTA02,931.986,7496.83
NFMQKTA02,932.223,9203.93
NFMQKTA02,932.344,10993.5
NFMQKTA02,932.874,12793.9
WAPSI04,733.445,0
WAPSI04,743.704,10366.5
WAPSI04,746.387,19469.4
WAPSI04,748.048,25901.4
WAPSI04,750.032,34170.2
WAPSI04,751.459,40531.4
WAPSI04,752.924,47449.7
WAPSI04,754.331,54715
SUGARCR01,632.021,0
SUGARCR01,635.786,182.93
SUGARCR01,637.386,366.213
SUGARCR01,638.489,549.496
SUGARCR01,639.335,732.779
SUGARCR01,641.318,1559.85
SUGARCR01,642.123,2241.77
SUGARCR01,643.192,3213.64
SUGARCR01,643.894,4015.28
SUGARCR01,644.324,4817.98
SUGARCR01,644.599,5669.77
COONCR01,885.433,0
COONCR01,886.904,50
COONCR01,887.291,100
COONCR01,887.899,200
COONCR01,888.425,300
COONCR01,888.874,400
COONCR01,889.245,500
COONCR01,889.427,550
COONCR01,889.597,600
COONCR01,890.618,882
COONCR01,892.316,1957
COONCR01,892.54,2869
COONCR01,892.823,4156
COONCR01,892.917,5185
COONCR01,893.075,6270
COONCR01,893.383,7370
LTLASHER01,948.819,0
LTLASHER01,951.912,110.784
LTLASHER01,953.05,221.568
LTLASHER01,953.906,332.302
LTLASHER01,954.556,443.136
LTLASHER01,955.861,1048.38
LTLASHER01,956.234,1584.06
LTLASHER01,956.669,2358.6
LTLASHER01,956.956,2988.22
LTLASHER01,957.223,3657.82
LTLASHER01,957.476,4340.42
GRANCRK01,970.571,0
GRANCRK01,972.759,87.7216
GRANCRK01,973.568,175.443
GRANCRK01,974.159,263.165
GRANCRK01,974.624,350.887
GRANCRK01,976.36,848.537
GRANCRK01,977.438,1296.2
GRANCRK01,978.663,1947.34
GRANCRK01,979.492,2480
GRANCRK01,980.264,3047.78
GRANCRK01,980.966,3628.19
DRNGDTCH01,947.867,0
DRNGDTCH01,951.133,208.357
DRNGDTCH01,951.915,422.01
DRNGDTCH01,952.433,632.133
DRNGDTCH01,952.963,844.021
DRNGDTCH01,953.887,1871.68
DRNGDTCH01,954.116,2761.61
DRNGDTCH01,954.364,3990.56
DRNGDTCH01,954.533,4979.37
DRNGDTCH01,954.684,6038.81
DRNGDTCH01,954.852,7098.25
SPRNGCRK01,1136.97,0
SPRNGCRK01,1138.07,10
SPRNGCRK01,1138.43,20
SPRNGCRK01,1138.7,30
SPRNGCRK01,1139.11,50
SPRNGCRK01,1139.79,100
SPRNGCRK01,1140.68,200
SPRNGCRK01,1141.88,400
SPRNGCRK01,1142.3,500
SPRNGCRK01,1142.62,591
SPRNGCRK01,1144.5,1362
SPRNGCRK01,1145.58,2032
SPRNGCRK01,1146.59,2990
SPRNGCRK01,1147.12,3764
SPRNGCRK01,1147.59,4583
SPRNGCRK01,1147.97,5417
VLGARV03,1084.29,0
VLGARV03,1088.18,211.888
VLGARV03,1089.32,416.713
VLGARV03,1090.09,625.07
VLGARV03,1090.31,706.293
VLGARV03,1090.62,836.958
VLGARV03,1091.04,1027.66
VLGARV03,1091.84,1500.87
VLGARV03,1092.39,1889.33
VLGARV03,1092.96,2284.86
VLGARV03,1093.6,2725.94
CHSLSCR01,1134.64,0
CHSLSCR01,1136.4,22.4248
CHSLSCR01,1138,112.159
CHSLSCR01,1138.76,224.354
CHSLSCR01,1139.32,336.513
CHSLSCR01,1139.75,448.708
CHSLSCR01,1140.94,867.823
CHSLSCR01,1141.66,1198.51
CHSLSCR01,1142.44,1677.06
CHSLSCR01,1142.95,2058.32
CHSLSCR01,1143.43,2470.16
CHSLSCR01,1143.85,2901.77
CLRCRK02,712.5,0
CLRCRK02,721.913,1452.6
CLRCRK02,723.852,3076.83
CLRCRK02,724.646,4409.71
CLRCRK02,725.591,6261.33
CLRCRK02,726.266,7724.98
CLRCRK02,726.919,9261.94
CLRCRK02,727.533,10811.5
INDCR01,696.66,0
INDCR01,698.294,89.7699
INDCR01,700.781,448.814
INDCR01,702.598,897.628
INDCR01,703.911,1346.41
INDCR01,704.875,1795.22
INDCR01,707.795,3728.2
INDCR01,709.334,5292.68
INDCR01,710.945,7452.07
INDCR01,712.07,9150.49
INDCR01,712.979,10931
INDCR01,713.809,12722.5
INDCR02,728.757,0
INDCR02,730.522,85.744
INDCR02,732.592,428.755
INDCR02,734.288,857.475
INDCR02,735.597,1286.23
INDCR02,736.535,1714.99
INDCR02,738.694,3576.78
INDCR02,739.859,5088.1
INDCR02,741.145,7177.11
INDCR02,741.785,8821.89
INDCR02,742.142,10546.8
INDCR02,742.457,12283.1
INDCR04,810.735,0
INDCR04,811.886,39.6937
INDCR04,814.656,198.504
INDCR04,816.388,397.043
INDCR04,817.375,595.547
INDCR04,818.002,794.086
INDCR04,819.993,1779.44
INDCR04,821.024,2620.38
INDCR04,821.965,3811.02
INDCR04,822.589,4766.07
INDCR04,823.146,5774.23
INDCR04,823.655,6796.77
LTLSIOUX03,1320.01,0
LTLSIOUX03,1326.01,5474.94
LTLSIOUX03,1327.71,10247
LTLSIOUX03,1328.79,13836.4
LTLSIOUX03,1330.11,18637.6
LTLSIOUX03,1331.04,22319.5
LTLSIOUX03,1331.96,26153.9
LTLSIOUX03,1332.84,29974.9
RHNCR01,728.839,0
RHNCR01,731.932,325.566
RHNCR01,733.619,792.814
RHNCR01,734.623,1215.18
RHNCR01,735.738,1831.03
RHNCR01,736.818,2336.21
RHNCR01,737.441,2874.33
RHNCR01,737.963,3425.28
RLSTNCR01,651.371,0
RLSTNCR01,658.074,39.3405
RLSTNCR01,659.954,196.667
RLSTNCR01,661.207,393.335
RLSTNCR01,661.991,590.002
RLSTNCR01,662.415,786.669
RLSTNCR01,663.95,1764.39
RLSTNCR01,664.888,2599.3
RLSTNCR01,665.961,3781.78
RLSTNCR01,666.617,4730.47
RLSTNCR01,667.208,5732.03
RLSTNCR01,667.717,6748
SLVRCR01,1006.88,0
SLVRCR01,1015.65,3417.05
SLVRCR01,1019.87,6558.64
SLVRCR01,1023.33,8989.35
SLVRCR01,1026.33,12129.2
SLVRCR01,1027.95,14367.4
SLVRCR01,1029.54,16835.2
SLVRCR01,1030.91,19011.7
SQWCR01,876.247,0
SQWCR01,884.652,3349.74
SQWCR01,886.23,6563.37
SQWCR01,887.116,9060.19
SQWCR01,888.035,12444.5
SQWCR01,888.576,15068.3
SQWCR01,889.058,17807.4
SQWCR01,889.488,20548.1
SQWCR02,891.995,0
SQWCR02,899.528,3153.25
SQWCR02,901.132,6213.3
SQWCR02,901.936,8600.25
SQWCR02,902.864,11841.2
SQWCR02,903.543,14357.2
SQWCR02,904.213,16984.8
SQWCR02,904.839,19615.2
WLFCR01,803.186,0
WLFCR01,807.654,20.3766
WLFCR01,812.549,1018.83
WLFCR01,813.816,2037.66
WLFCR01,814.711,3056.48
WLFCR01,815.469,4075.31
WLFCR01,817.11,7840.35
WLFCR01,817.776,10728.1
WLFCR01,818.451,14621.2
WLFCR01,818.927,17626
WLFCR01,819.386,20759.7
WLFCR01,819.77,23889.9
WLLWCR01,1100.46,0
WLLWCR01,1105.44,44.3905
WLLWCR01,1106.94,221.953
WLLWCR01,1107.88,443.87
WLLWCR01,1108.62,665.823
WLLWCR01,1109.21,887.775
WLLWCR01,1110.57,1803.48
WLLWCR01,1111.27,2529.52
WLLWCR01,1112.04,3575.54
WLLWCR01,1112.56,4405.05
WLLWCR01,1113.01,5241.16
WLLWCR01,1113.51,6165.38
WLLWCR02,1108.43,0
WLLWCR02,1111.34,44.3905
WLLWCR02,1112.7,221.953
WLLWCR02,1113.67,443.87
WLLWCR02,1114.36,665.823
WLLWCR02,1114.93,887.775
WLLWCR02,1116.48,1803.48
WLLWCR02,1117.3,2529.52
WLLWCR02,1118.26,3575.54
WLLWCR02,1118.89,4405.05
WLLWCR02,1119.41,5241.16
WLLWCR02,1119.89,6165.38
WLLWCR-IC01,659.741,0
WLLWCR-IC01,659.892,14.6909
WLLWCR-IC01,660.279,73.4898
WLLWCR-IC01,660.705,146.98
WLLWCR-IC01,661.102,220.434
WLLWCR-IC01,661.49,293.924
WLLWCR-IC01,663.317,722.644
WLLWCR-IC01,664.386,1112.73
WLLWCR-IC01,665.614,1683.45
WLLWCR-IC01,666.371,2152.85
WLLWCR-IC01,667.014,2653.4
WLLWCR-IC01,667.559,3166.45
WNBGORV02,1059.7,0
WNBGORV02,1066.25,136.032
WNBGORV02,1068.41,680.125
WNBGORV02,1069.96,1360.29
WNBGORV02,1071,2040.41
WNBGORV02,1071.86,2720.54
WNBGORV02,1074.12,5073.34
WNBGORV02,1075,6835.47
WNBGORV02,1075.94,9314
WNBGORV02,1076.61,11217.2
WNBGORV02,1077.17,13092.2
WNBGORV02,1077.74,15187.1
WNBGORV05,1190.69,0
WNBGORV05,1197.01,158.528
WNBGORV05,1201.01,792.673
WNBGORV05,1202.21,1585.35
WNBGORV05,1202.9,2378.02
WNBGORV05,1203.44,3170.69
WNBGORV05,1204.91,6244.45
WNBGORV05,1205.78,8641.22
WNBGORV05,1206.63,11895
WNBGORV05,1207.19,14420.7
WNBGORV05,1207.72,17058.3
WNBGORV05,1208.21,19698.6
DRYCRK01,809.072,0
DRYCRK01,810.889,43.9314
DRYCRK01,813.228,219.657
DRYCRK01,815.164,439.35
DRYCRK01,816.611,659.007
DRYCRK01,817.28,878.7
DRYCRK01,819.114,1950.54
DRYCRK01,820.151,2859.32
DRYCRK01,821.342,4141.81
DRYCRK01,822.126,5168.02
DRYCRK01,822.854,6250.24
DRYCRK01,823.52,7346.79
DRYCRK02,842.3,0
DRYCRK02,844.593,43.9314
DRYCRK02,847.251,219.657
DRYCRK02,848.533,439.35
DRYCRK02,849.183,659.007
DRYCRK02,849.619,878.7
DRYCRK02,851.033,1950.54
DRYCRK02,851.867,2859.32
DRYCRK02,852.799,4141.81
DRYCRK02,853.422,5168.02
DRYCRK02,854.006,6250.24
DRYCRK02,854.537,7346.79
HOOSRCR01,711.982,0
HOOSRCR01,717.569,57.8454
HOOSRCR01,718.901,289.298
HOOSRCR01,719.629,578.56
HOOSRCR01,720.076,867.858
HOOSRCR01,720.558,1157.12
HOOSRCR01,722.07,2503.53
HOOSRCR01,722.864,3624.87
HOOSRCR01,723.776,5193.62
HOOSRCR01,724.393,6440.51
HOOSRCR01,724.98,7752.28
HOOSRCR01,725.679,9077.74
MRGNCR01,725.246,0
MRGNCR01,727.776,37.151
MRGNCR01,729.613,185.72
MRGNCR01,730.896,371.44
MRGNCR01,731.381,557.159
MRGNCR01,731.703,742.879
MRGNCR01,732.762,1675.05
MRGNCR01,733.35,2474.07
MRGNCR01,733.993,3607.78
MRGNCR01,734.432,4518.65
MRGNCR01,734.852,5480.8
MRGNCR01,735.243,6457.29
OTTERCR01,739.662,0
OTTERCR01,744.396,80.8706
OTTERCR01,746.516,404.424
OTTERCR01,748.123,808.882
OTTERCR01,749.242,1213.31
OTTERCR01,749.925,1617.73
OTTERCR01,751.713,3392.4
OTTERCR01,752.759,4838.5
OTTERCR01,753.967,6840.84
OTTERCR01,754.777,8419.62
OTTERCR01,755.522,10076
OTTERCR01,756.204,11744.2
OTTRCRK01,791.978,0
OTTRCRK01,792.69,79.6346
OTTRCRK01,793.737,398.243
OTTRCRK01,794.76,796.487
OTTRCRK01,795.617,1194.73
OTTRCRK01,796.365,1592.97
OTTRCRK01,798.793,3174.01
OTTRCRK01,800.486,4512.12
OTTRCRK01,802.293,6291.45
OTTRCRK01,802.874,7591.88
OTTRCRK01,803.241,9110.16
OTTRCRK01,803.599,10517.1
ELKRN01,846.404,0
ELKRN01,848.704,7.13356
ELKRN01,849.672,35.7384
ELKRN01,850.315,71.5122
ELKRN01,850.781,107.251
ELKRN01,851.148,143.024
ELKRN01,852.474,376.066
ELKRN01,853.163,598.089
ELKRN01,853.963,931.107
ELKRN01,854.498,1210.16
ELKRN01,854.997,1510.2
ELKRN01,855.44,1820.22
NFCTFSH01,691.207,0
NFCTFSH01,693.727,288.486
NFCTFSH01,694.888,710.531
NFCTFSH01,695.682,1094.97
NFCTFSH01,696.657,1657.85
NFCTFSH01,697.257,2121
NFCTFSH01,697.805,2614.98
NFCTFSH01,698.281,3121.39
LTLSIOUX01,1162.93,0
LTLSIOUX01,1174.74,12197.6
LTLSIOUX01,1177.04,21185.8
LTLSIOUX01,1178.42,27596.4
LTLSIOUX01,1180.01,36008
LTLSIOUX01,1181.07,42352.7
LTLSIOUX01,1182.09,48946.8
LTLSIOUX01,1183.03,55480.4
LTLSIOUX04,1365.75,0
LTLSIOUX04,1375.38,1879.83
LTLSIOUX04,1378.22,3606.02
LTLSIOUX04,1379.93,4923.39
LTLSIOUX04,1381.94,6790.3
LTLSIOUX04,1383.27,8239.33
LTLSIOUX04,1384.51,9677.77
LTLSIOUX04,1385.68,11278.3
DRYRNCRK01,847.08,0
DRYRNCRK01,852.172,878.7
DRYRNCRK01,853.927,1950.54
DRYRNCRK01,854.987,2859.32
DRYRNCRK01,856.211,4141.81
DRYRNCRK01,857.06,5168.02
DRYRNCRK01,857.877,6250.24
DRYRNCRK01,858.642,7346.79
LTLSIOUX02,1303.9,0
LTLSIOUX02,1313.88,7805.35
LTLSIOUX02,1316.76,14133.4
LTLSIOUX02,1318.37,18782.7
LTLSIOUX02,1320.25,24946.3
LTLSIOUX02,1321.5,29637.6
LTLSIOUX02,1322.72,34517.1
LTLSIOUX02,1323.86,39366.7
FLOYDRV01,1189.93,0
FLOYDRV01,1201.76,5139.91
FLOYDRV01,1203.53,9676.75
FLOYDRV01,1204.46,13103.6
FLOYDRV01,1205.5,17694.8
FLOYDRV01,1206.24,21220.5
FLOYDRV01,1206.85,24893.2
FLOYDRV01,1207.4,28555
FLOYDRV02,1366.44,0
FLOYDRV02,1374.26,1834.39
FLOYDRV02,1375.36,3801.87
FLOYDRV02,1375.96,5392.02
FLOYDRV02,1376.68,7585.48
FLOYDRV02,1377.17,9309.76
FLOYDRV02,1377.63,11117.1
FLOYDRV02,1378.06,12935.3
WFLTLSIOUX01,1131.17,0
WFLTLSIOUX01,1144.86,3706.42
WFLTLSIOUX01,1147.47,7193.99
WFLTLSIOUX01,1148.31,9885.71
WFLTLSIOUX01,1149.14,13524
WFLTLSIOUX01,1149.67,16338.1
WFLTLSIOUX01,1150.17,19274.4
WFLTLSIOUX01,1150.63,22209.7
MAPLERV02,1254.33,0
MAPLERV02,1262.77,3432.59
MAPLERV02,1264.3,6710.39
MAPLERV02,1265.15,9253.01
MAPLERV02,1266.16,12697.1
MAPLERV02,1266.87,15365.6
MAPLERV02,1267.55,18151.1
MAPLERV02,1268.19,20937.6
IOWARV01,621.391,0
IOWARV01,629.688,15633.5
IOWARV01,631.706,26532.3
IOWARV01,632.91,34177.6
IOWARV01,634.324,44157.7
IOWARV01,635.299,51649.9
IOWARV01,636.253,59436.1
IOWARV01,637.152,67139.3
NFMQKTA01,808.005,0
NFMQKTA01,816.355,3180.16
NFMQKTA01,817.917,6221
NFMQKTA01,818.684,8549.79
NFMQKTA01,819.514,11623.3
NFMQKTA01,820.079,14100.1
NFMQKTA01,820.61,16687.1
NFMQKTA01,821.129,19277.5
PRAIRIECRK01,739.862,0
PRAIRIECRK01,748.76,2877.09
PRAIRIECRK01,750.64,5717.8
PRAIRIECRK01,751.591,7947.04
PRAIRIECRK01,752.897,10981.7
PRAIRIECRK01,753.451,13342.6
PRAIRIECRK01,753.98,15809.4
PRAIRIECRK01,754.462,18281
RAPIDTRB01,753.215,0
RAPIDTRB01,757.805,276.373
RAPIDTRB01,758.927,683.409
RAPIDTRB01,759.36,1055.2
RAPIDTRB01,759.813,1600.39
RAPIDTRB01,760.079,2049.45
RAPIDTRB01,760.315,2528.64
RAPIDTRB01,760.531,3020.15
MAPLERV01,1198.06,0
MAPLERV01,1209.29,4775.28
MAPLERV01,1213.53,9052.17
MAPLERV01,1215.22,12298.4
MAPLERV01,1216.13,16656.1
MAPLERV01,1216.66,20007.9
MAPLERV01,1217.12,23500.6
MAPLERV01,1217.55,26984.9
MADCRK01,569.521,0
MADCRK01,575.069,609.566
MADCRK01,577.185,1400.05
MADCRK01,578.392,2086.32
MADCRK01,579.649,3066.34
MADCRK01,580.305,3857.63
MADCRK01,580.814,4695.01
MADCRK01,581.339,5546.7
GENEVACR01,591.437,0
GENEVACR01,593.527,209.275
GENEVACR01,595.253,531.097
GENEVACR01,596.148,830.318
GENEVACR01,597.018,1273.31
GENEVACR01,597.615,1640.79
GENEVACR01,598.163,2034.2
GENEVACR01,598.642,2438.94
WBFLOYDRV01,1243.14,0
WBFLOYDRV01,1252.56,2891.99
WBFLOYDRV01,1253.79,5744.64
WBFLOYDRV01,1254.44,7982.53
WBFLOYDRV01,1255.11,11028.5
WBFLOYDRV01,1255.59,13397.8
WBFLOYDRV01,1256,15873.5
WBFLOYDRV01,1256.37,18353.8
OCHYDNRV01,1358.37,0
OCHYDNRV01,1366.07,3586.13
OCHYDNRV01,1367.12,6982.03
OCHYDNRV01,1367.57,9608.66
OCHYDNRV01,1368.18,13162.2
OCHYDNRV01,1368.64,15912.8
OCHYDNRV01,1369.08,18783.3
OCHYDNRV01,1369.5,21653.8
WFKLTSIOUX01,1391.93,0
WFKLTSIOUX01,1397.54,1242.41
WFKLTSIOUX01,1398.61,2459.91
WFKLTSIOUX01,1399.22,3408.85
WFKLTSIOUX01,1399.95,4765.71
WFKLTSIOUX01,1400.45,5831.48
WFKLTSIOUX01,1400.91,6898.37
WFKLTSIOUX01,1401.37,8080.91
LTLSIOUX05,1387.53,0
LTLSIOUX05,1392.86,968.611
LTLSIOUX05,1394.07,1954.67
LTLSIOUX05,1394.77,2732.97
LTLSIOUX05,1395.62,3852.09
LTLSIOUX05,1396.19,4737.39
LTLSIOUX05,1396.73,5628.13
LTLSIOUX05,1397.28,6613.45
CTFSHCR01,606.955,0
CTFSHCR01,617.1,7151.22
CTFSHCR01,628.15,29762.5
CTFSHCR01,629.583,38121.5
CTFSHCR01,631.161,49006.2
CTFSHCR01,632.615,57157.8
CTFSHCR01,633.593,65630.9
CTFSHCR01,634.534,74007.2
BLCKHWK01,552.362,0
BLCKHWK01,555.748,459.267
BLCKHWK01,557.493,1083.07
BLCKHWK01,558.616,1634.61
BLCKHWK01,559.948,2429.61
BLCKHWK01,560.833,3076.08
BLCKHWK01,561.44,3762.14
BLCKHWK01,561.991,4462.01
GRNGRCR01,607.71,0
GRNGRCR01,610.856,591.521
GRNGRCR01,612.323,1362.44
GRNGRCR01,612.831,2032.71
GRNGRCR01,613.504,2991.51
GRNGRCR01,614.016,3765.6
GRNGRCR01,614.58,4585.61
GRNGRCR01,615.144,5419.74
DUCKCR01,611.089,0
DUCKCR01,618.304,1401.29
DUCKCR01,620.932,2978.12
DUCKCR01,622.018,4275.16
DUCKCR01,622.799,6078.93
DUCKCR01,623.294,7506.03
DUCKCR01,623.727,9004.99
DUCKCR01,624.091,10516.8
BRSHYCR01,1189.16,0
BRSHYCR01,1191.04,137.021
BRSHYCR01,1193.65,685.104
BRSHYCR01,1195.79,1370.21
BRSHYCR01,1197.47,2055.31
BRSHYCR01,1199.35,2740.42
BRSHYCR01,1202.42,5260.83
BRSHYCR01,1204.5,7292.13
BRSHYCR01,1206.81,9960.85
BRSHYCR01,1207.72,11948.7
BRSHYCR01,1208.38,14073.2
BRSHYCR01,1208.95,16323.1
BVRCR01,904.718,0
BVRCR01,906.266,192.076
BVRCR01,909.045,960.453
BVRCR01,911.421,1920.94
BVRCR01,913.248,2881.39
BVRCR01,914.655,3841.85
BVRCR01,916.936,8108.74
BVRCR01,917.848,11436.2
BVRCR01,918.652,15908.5
BVRCR01,919.154,19347.3
BVRCR01,919.58,22910.5
BVRCR01,919.931,26553.4
CLRCRK03,758.366,0
CLRCRK03,766.818,795.463
CLRCRK03,768.192,1553.24
CLRCRK03,768.822,2202.33
CLRCRK03,769.475,3095.15
CLRCRK03,769.915,3752.01
CLRCRK03,770.338,4524.48
CLRCRK03,770.673,5240.17
CLRCRKS01,741.503,0
CLRCRKS01,745.325,488.79
CLRCRKS01,747.08,941.418
CLRCRKS01,747.369,1296.61
CLRCRKS01,747.644,1809.31
CLRCRKS01,747.822,2217.55
CLRCRKS01,747.989,2657.57
CLRCRKS01,748.153,3117.65
DRYCR01,735.988,0
DRYCR01,743.438,1063.18
DRYCR01,745.046,2141.02
DRYCR01,745.351,2996.66
DRYCR01,746.775,4181.93
DRYCR01,747.251,5103.64
DRYCR01,747.95,6093.9
DRYCR01,748.606,7118.17
EFDSMNS01,1083.71,0
EFDSMNS01,1094.32,3493.72
EFDSMNS01,1095.89,6720.84
EFDSMNS01,1096.69,9224.83
EFDSMNS01,1097.59,12696.7
EFDSMNS01,1098.23,15467.3
EFDSMNS01,1098.83,18377
EFDSMNS01,1099.41,21428.8
ENDWY01,968.428,0
ENDWY01,977.93,4193.65
ENDWY01,981.601,7996.12
ENDWY01,983.707,10849.6
ENDWY01,985.502,14519.2
ENDWY01,986.414,17209.3
ENDWY01,987.165,20062.9
ENDWY01,987.792,22870
ENISH03,986.677,0
ENISH03,998.671,11208.9
ENISH03,1000.7,19840.5
ENISH03,1001.45,25737
ENISH03,1002.18,33186.2
ENISH03,1002.66,38746.2
ENISH03,1003.12,44375.3
ENISH03,1003.55,50072.7
ENISH04,1047.31,0
ENISH04,1063.57,10085.2
ENISH04,1064.78,17851.6
ENISH04,1067.26,23156.9
ENISH04,1068.7,29859.6
ENISH04,1069.16,34862.3
ENISH04,1070.05,39927.1
ENISH04,1071,45053
HRGVCR01,980.138,0
HRGVCR01,981.654,150.193
HRGVCR01,984.442,750.931
HRGVCR01,986.421,1501.83
HRGVCR01,987.657,2252.72
HRGVCR01,988.56,3003.65
HRGVCR01,990.423,5906.84
HRGVCR01,991.07,8139.54
HRGVCR01,991.742,11055.4
HRGVCR01,992.146,13217.5
HRGVCR01,992.516,15524
HRGVCR01,992.861,17827.7
INDIAN01,1037.16,0
INDIAN01,1039.46,64.6965
INDIAN01,1041.98,323.482
INDIAN01,1043.74,646.965
INDIAN01,1045.08,970.447
INDIAN01,1046.19,1293.93
INDIAN01,1050.26,2898.63
INDIAN01,1052.9,4747
INDIAN01,1054.12,6635.98
INDIAN01,1054.8,8605.48
INDIAN01,1055.42,10881.2
INDIAN01,1055.99,13507.5
KEGCR01,997.631,0
KEGCR01,1000.14,135.008
KEGCR01,1004.11,675.111
KEGCR01,1006.81,1350.22
KEGCR01,1008.8,2025.37
KEGCR01,1010.44,2700.48
KEGCR01,1014.31,5879.04
KEGCR01,1015.27,7985.28
KEGCR01,1016.3,10856.5
KEGCR01,1016.89,12987.3
KEGCR01,1017.42,15160.7
KEGCR01,1017.93,17422.4
LAKECR01,1101.45,0
LAKECR01,1101.74,43.9314
LAKECR01,1103.33,219.657
LAKECR01,1104.65,439.314
LAKECR01,1105.61,658.972
LAKECR01,1106.39,878.629
LAKECR01,1108.21,1612.82
LAKECR01,1109.15,2156.31
LAKECR01,1110.21,2878.15
LAKECR01,1110.82,3425.17
LAKECR01,1111.39,3990.91
LAKECR01,1111.89,4570.78
LTLWLNT01,896.237,0
LTLWLNT01,896.785,10.4531
LTLWLNT01,897.864,52.2657
LTLWLNT01,898.694,104.531
LTLWLNT01,899.311,156.797
LTLWLNT01,899.82,209.063
LTLWLNT01,901.25,399.409
LTLWLNT01,902.073,555.853
LTLWLNT01,902.913,777.629
LTLWLNT01,903.186,918.888
LTLWLNT01,903.465,1130.42
LTLWLNT01,903.911,1326.77
MQKTARV02,840.171,0
MQKTARV02,849.577,5210.4
MQKTARV02,852.287,10229.1
MQKTARV02,853.527,14323
MQKTARV02,854.859,20187.5
MQKTARV02,855.784,24698.7
MQKTARV02,856.578,29209.9
MQKTARV02,857.585,35525.5
NRCCNRV03,1191.49,0
NRCCNRV03,1197.17,211.076
NRCCNRV03,1199.87,1055.38
NRCCNRV03,1201.52,2110.76
NRCCNRV03,1202.54,3166.14
NRCCNRV03,1203.39,4221.52
NRCCNRV03,1205.69,8043.97
NRCCNRV03,1207.1,10911.5
NRCCNRV03,1208.64,14597.7
NRCCNRV03,1209.62,17299.2
NRCCNRV03,1210.56,20165
NRCCNRV03,1211.42,22982.8
NWLNTCR02,833.451,0
NWLNTCR02,835.607,194.584
NWLNTCR02,836.608,372.923
NWLNTCR02,837.333,520.185
NWLNTCR02,838.205,733.839
NWLNTCR02,838.655,868.388
NWLNTCR02,839.291,1069.33
NWLNTCR02,839.833,1260.38
SHLRK01,911.742,0
SHLRK01,928.055,8595.77
SHLRK01,928.199,16195.2
SHLRK01,928.35,21526.2
SHLRK01,929.961,28435.4
SHLRK01,930.561,33844.1
SHLRK01,931.214,39593.2
SHLRK01,932.07,45679.7
SHLRK02,922.585,0
SHLRK02,934.436,7782.96
SHLRK02,937.618,14663.8
SHLRK02,939.15,19490.7
SHLRK02,940.823,25746.5
SHLRK02,941.906,30643.8
SHLRK02,942.923,35849.3
SHLRK02,943.858,41360.2
SHLRK03,943.133,0
SHLRK03,956.808,7257.91
SHLRK03,958.333,13674.5
SHLRK03,959.495,18175.8
SHLRK03,961.509,24009.6
SHLRK03,962.598,28576.5
SHLRK03,963.809,33430.8
SHLRK03,965.518,38569.9
SHLRK04,1051.06,0
SHLRK04,1052.86,258.044
SHLRK04,1055.73,1290.19
SHLRK04,1058.02,2580.34
SHLRK04,1059.54,3870.52
SHLRK04,1060.6,5160.71
SHLRK04,1062.66,9652.77
SHLRK04,1063.7,12972.2
SHLRK04,1064.65,17200.4
SHLRK04,1065.28,20277.9
SHLRK04,1065.9,23531.6
SHLRK04,1066.46,26700.5
SHLRK05,1122.88,0
SHLRK05,1123.94,88.6398
SHLRK05,1125.56,443.234
SHLRK05,1126.82,886.504
SHLRK05,1127.77,1329.74
SHLRK05,1128.58,1772.97
SHLRK05,1130.72,3228.01
SHLRK05,1131.96,4304.33
SHLRK05,1133.25,5745.48
SHLRK05,1134.1,6853.41
SHLRK05,1134.72,7999.94
SHLRK05,1135.25,9186.05
TKYRV01,752.566,0
TKYRV01,763.583,7959.5
TKYRV01,767.641,14885.2
TKYRV01,769.498,19891.5
TKYRV01,771.204,26637.1
TKYRV01,772.11,31324.8
TKYRV01,772.976,36443.2
TKYRV01,773.73,41299.8
TKYRV03,1119.64,0
TKYRV03,1121.11,110.817
TKYRV03,1123.08,554.052
TKYRV03,1124.7,1108.07
TKYRV03,1125.99,1662.08
TKYRV03,1127.07,2216.14
TKYRV03,1130.06,4376.41
TKYRV03,1131.61,6123.6
TKYRV03,1133.24,8440.31
TKYRV03,1134.17,10177.9
TKYRV03,1135.02,12042.1
TKYRV03,1135.77,13931
UIWARV01,881.647,0
UIWARV01,891.339,5740.72
UIWARV01,894.334,10130.5
UIWARV01,895.6,13515.8
UIWARV01,896.729,18342.9
UIWARV01,897.297,21692.2
UIWARV01,897.756,25329.8
UIWARV01,898.176,29856.5
VLGARV02,846.309,0
VLGARV02,852.917,3845.94
VLGARV02,855.558,7467.82
VLGARV02,857.021,10230.9
VLGARV02,858.652,14039.5
VLGARV02,859.701,16877.3
VLGARV02,860.676,19789.7
VLGARV02,861.601,22776.8
WNBGORV01,1041.42,0
WNBGORV01,1042.14,182.294
WNBGORV01,1044.9,911.507
WNBGORV01,1046.95,1822.98
WNBGORV01,1048.49,2734.49
WNBGORV01,1049.73,3645.99
WNBGORV01,1052.43,6156.23
WNBGORV01,1053.88,7973.38
WNBGORV01,1055.36,10405.9
WNBGORV01,1056.3,12305.5
WNBGORV01,1057.14,14274.9
WNBGORV01,1057.9,16319.3
WNBGORV03,1107.67,0
WNBGORV03,1109.35,137.763
WNBGORV03,1112.08,688.813
WNBGORV03,1114.06,1377.59
WNBGORV03,1115.49,2066.4
WNBGORV03,1116.59,2755.21
WNBGORV03,1118.5,4652.14
WNBGORV03,1119.3,6025.35
WNBGORV03,1120.1,7863.55
WNBGORV03,1120.63,9299.02
WNBGORV03,1121.11,10787.3
WNBGORV03,1121.59,12332.2
WNBGORV04,1150.14,0
WNBGORV04,1150.83,124.166
WNBGORV04,1152.89,620.903
WNBGORV04,1154.44,1241.77
WNBGORV04,1155.55,1862.67
WNBGORV04,1156.41,2483.57
WNBGORV04,1158.04,4193.44
WNBGORV04,1158.94,5431.25
WNBGORV04,1159.96,7088.18
WNBGORV04,1160.62,8382.15
WNBGORV04,1160.89,9723.65
WNBGORV04,1161.28,11116.2
WNBGORV06,1206.55,0
WNBGORV06,1215.88,51.1356
WNBGORV06,1216.33,255.608
WNBGORV06,1216.33,511.25
WNBGORV06,1217.19,766.858
WNBGORV06,1217.48,1022.5
WNBGORV06,1218.63,1858.54
WNBGORV06,1219.02,2474.07
WNBGORV06,1219.25,3294.12
WNBGORV06,1219.04,3919.47
WNBGORV06,1219.58,4563.68
WNBGORV06,1219.88,5227.14
WNISH02,1015.96,0
WNISH02,1018.9,512.38
WNISH02,1022.96,2561.83
WNISH02,1026.04,5123.7
WNISH02,1028.3,7685.53
WNISH02,1029.83,10247.4
WNISH02,1031.85,18068.5
WNISH02,1032.63,22957.9
WNISH02,1033.29,28758.5
WNISH02,1033.67,32702.5
WNISH02,1033.81,34168.7
WNISH02,1034.14,37850.7
WNISH03,1169.84,0
WNISH03,1183.62,6701.45
WNISH03,1187.71,11783.8
WNISH03,1187.2,15044.5
WNISH03,1189.95,19018.3
WNISH03,1190.3,21918.2
WNISH03,1191.3,24840.5
WNISH03,1191.47,27710.5
WNISH04,1237.04,0
WNISH04,1246.66,2073.32
WNISH04,1250.76,4219.68
WNISH04,1254.44,5915.31
WNISH04,1255.38,8167.79
WNISH04,1257.94,9859.5
WNISH04,1258.94,11675.8
WNISH04,1259.2,13519.3
BEARCRK01,737.621,0
BEARCRK01,739.108,108.134
BEARCRK01,741.312,540.597
BEARCRK01,743.002,1081.19
BEARCRK01,744.085,1621.79
BEARCRK01,744.79,2162.39
BEARCRK01,746.48,4383.86
BEARCRK01,747.274,6133.49
BEARCRK01,748.077,8453.24
BEARCRK01,748.586,10192.9
BEARCRK01,749.072,12059.4
BEARCRK01,749.514,13950.5
BEVRCRK02,1084.41,0
BEVRCRK02,1085.84,15.5031
BEVRCRK02,1087.33,77.4451
BEVRCRK02,1088.42,154.925
BEVRCRK02,1089.26,232.37
BEVRCRK02,1089.97,309.816
BEVRCRK02,1092.04,576.618
BEVRCRK02,1092.98,794.439
BEVRCRK02,1093.88,1107.26
BEVRCRK02,1094.28,1294.74
BEVRCRK02,1094.73,1584.71
BEVRCRK02,1095.09,1856.49
BEVRCRK01,965.062,0
BEVRCRK01,966.286,83.2367
BEVRCRK01,968.182,416.183
BEVRCRK01,969.606,832.367
BEVRCRK01,970.669,1248.59
BEVRCRK01,971.575,1664.77
BEVRCRK01,974.485,3457.73
BEVRCRK01,976.007,4896.66
BEVRCRK01,976.919,6827.53
BEVRCRK01,977.441,8288.71
BEVRCRK01,977.91,9863.56
BEVRCRK01,978.31,11476.9
BNNTTCR01,830.269,0
BNNTTCR01,830.915,30.4059
BNNTTCR01,831.722,152.065
BNNTTCR01,831.768,304.095
BNNTTCR01,831.798,456.16
BNNTTCR01,831.824,608.189
BNNTTCR01,831.887,1177.67
BNNTTCR01,831.932,1669.82
BNNTTCR01,831.982,2358.6
BNNTTCR01,832.037,2873.55
BNNTTCR01,832.083,3465.18
BNNTTCR01,832.123,4033.54
BFFLOCR02,726.969,0
BFFLOCR02,728.465,25.3206
BFFLOCR02,730.075,126.532
BFFLOCR02,730.987,253.065
BFFLOCR02,731.572,379.562
BFFLOCR02,732.047,506.095
BFFLOCR02,733.435,1004.03
BFFLOCR02,734.386,1423.64
BFFLOCR02,735.24,2016.68
BFFLOCR02,735.591,2464.15
BFFLOCR02,735.935,2971.48
BFFLOCR02,736.23,3468.92
BFFLOCR01,699.977,0
BFFLOCR01,703.061,34.008
BFFLOCR01,705.551,170.04
BFFLOCR01,707.421,340.08
BFFLOCR01,708.668,510.156
BFFLOCR01,709.393,680.196
BFFLOCR01,710.968,1335.49
BFFLOCR01,711.781,1893.61
BFFLOCR01,712.526,2668.59
BFFLOCR01,712.936,3243.83
BFFLOCR01,713.343,3911.66
BFFLOCR01,713.675,4542.84
CLRCRKW01,748.721,0
CLRCRKW01,750.528,28.7461
CLRCRKW01,752.434,143.766
CLRCRKW01,753.802,287.497
CLRCRKW01,754.865,431.263
CLRCRKW01,755.807,574.993
CLRCRKW01,758.251,1098.78
CLRCRKW01,758.642,1505.39
CLRCRKW01,759.039,2089.67
CLRCRKW01,759.393,2554.49
CLRCRKW01,759.783,3053.38
CLRCRKW01,760.154,3572.57
CRANECR01,983.606,0
CRANECR01,984.849,164.672
CRANECR01,987.454,823.361
CRANECR01,989.36,1646.76
CRANECR01,990.656,2470.12
CRANECR01,991.621,3293.48
CRANECR01,994.17,6421.83
CRANECR01,995.538,8811.5
CRANECR01,997.034,11919.1
CRANECR01,998.012,14216.3
CRANECR01,998.96,16662.8
CRANECR01,999.836,19096.4
DEEPCRK01,664.843,0
DEEPCRK01,668.209,79.9877
DEEPCRK01,670.928,399.939
DEEPCRK01,672.979,799.877
DEEPCRK01,674.439,1199.82
DEEPCRK01,675.331,1599.75
DEEPCRK01,676.949,3186.69
DEEPCRK01,677.73,4529.67
DEEPCRK01,678.448,6315.25
DEEPCRK01,678.888,7685.81
DEEPCRK01,679.314,9165.57
DEEPCRK01,679.672,10687.3
DEERCR01,675.125,0
DEERCR01,679.446,26.7332
DEERCR01,681.378,133.701
DEERCR01,682.185,267.403
DEERCR01,682.71,401.139
DEERCR01,683.074,534.841
DEERCR01,683.875,1025.68
DEERCR01,684.298,1408.49
DEERCR01,684.79,1959.75
DEERCR01,685.128,2398.47
DEERCR01,685.476,2870.23
DEERCR01,685.814,3362.2
DRYCR02,775.846,0
DRYCR02,783.166,807.47
DRYCR02,783.766,1517.93
DRYCR02,784.111,2057.01
DRYCR02,784.541,2824.26
DRYCR02,784.846,3433.61
DRYCR02,785.148,4081.74
DRYCR02,785.433,4749.75
ENISH05,1172.28,0
ENISH05,1173.51,76.6328
ENISH05,1175.2,383.164
ENISH05,1176.46,766.328
ENISH05,1177.43,1149.49
ENISH05,1178.25,1532.66
ENISH05,1181,3207.98
ENISH05,1182.71,4560.54
ENISH05,1184.66,6382.07
ENISH05,1186,7764.64
ENISH05,1187.24,9257.03
ENISH05,1188.39,10790.7
FOURMLE02,822.461,0
FOURMLE02,824.829,118.163
FOURMLE02,827.333,590.779
FOURMLE02,829.127,1181.56
FOURMLE02,830.407,1772.3
FOURMLE02,831.447,2363.08
FOURMLE02,833.353,4167.77
FOURMLE02,834.108,5628.84
FOURMLE02,834.905,7713.25
FOURMLE02,835.443,9370.61
FOURMLE02,835.928,11141.8
FOURMLE02,836.398,12993.6
HONEYCR01,668.76,0
HONEYCR01,670.407,22.0364
HONEYCR01,672.743,110.252
HONEYCR01,674.252,220.505
HONEYCR01,675.2,330.792
HONEYCR01,675.869,441.045
HONEYCR01,677.641,879.229
HONEYCR01,678.199,1246.68
HONEYCR01,678.632,1770.29
HONEYCR01,678.875,2168.32
HONEYCR01,679.104,2614.73
HONEYCR01,679.301,3059.84
LIMECR01,786.056,0
LIMECR01,788.051,66.7447
LIMECR01,789.76,333.759
LIMECR01,790.942,667.518
LIMECR01,791.795,1001.28
LIMECR01,792.395,1335.04
LIMECR01,794.603,2642.42
LIMECR01,796.093,3662.87
LIMECR01,797.861,5064.9
LIMECR01,799.042,6150.51
LIMECR01,800.18,7310.63
LIMECR01,801.243,8500.81
LTLTKY01,933.583,0
LTLTKY01,937.634,214.996
LTLTKY01,940.676,1075.05
LTLTKY01,942.94,2150.1
LTLTKY01,944.564,3225.15
LTLTKY01,945.886,4300.2
LTLTKY01,949.406,8180.29
LTLTKY01,951.306,11086.5
LTLTKY01,953.051,14819.8
LTLTKY01,954.101,17554.2
LTLTKY01,955.072,20453.6
LTLTKY01,955.915,23302.3
MUDCR01,769.432,0
MUDCR01,776.056,68.1573
MUDCR01,776.168,74.1608
MUDCR01,776.486,113.007
MUDCR01,778.123,945.056
MUDCR01,778.698,1362.83
MUDCR01,779.652,2693.17
MUDCR01,780.856,3730.01
MUDCR01,781.647,5153.47
MUDCR01,781.142,6255.25
MUDCR01,781.43,7432.08
MUDCR01,781.89,8638.5
MDCRK01,1023.44,0
MDCRK01,1025.29,70.8765
MDCRK01,1027.21,354.489
MDCRK01,1028.63,708.942
MDCRK01,1029.74,1063.43
MDCRK01,1030.7,1417.88
MDCRK01,1033.71,2845.66
MDCRK01,1035.64,4055.89
MDCRK01,1037.87,5675.42
MDCRK01,1038.87,6866.23
MDCRK01,1039.56,8249.15
MDCRK01,1040.03,9479.52
NENGLSH01,689.833,0
NENGLSH01,691.706,198.504
NENGLSH01,695.545,992.554
NENGLSH01,697.91,1985.14
NENGLSH01,699.413,2977.7
NENGLSH01,700.19,3970.25
NENGLSH01,701.634,7608.62
NENGLSH01,702.234,10350.1
NENGLSH01,702.894,13884.5
NENGLSH01,703.284,16480.3
NENGLSH01,703.678,19236.4
NENGLSH01,704.042,21954.5
NWLNTCR01,823.957,0
NWLNTCR01,824.528,12.0776
NWLNTCR01,825.351,60.4587
NWLNTCR01,825.978,120.953
NWLNTCR01,826.47,181.411
NWLNTCR01,826.883,241.905
NWLNTCR01,828.045,457.325
NWLNTCR01,828.802,634.251
NWLNTCR01,829.734,889.93
NWLNTCR01,830.256,1047.08
NWLNTCR01,830.981,1285.81
NWLNTCR01,831.604,1511.11
PRICECR01,709.472,0
PRICECR01,711.362,91.2884
PRICECR01,713.451,456.513
PRICECR01,715.095,912.99
PRICECR01,716.132,1369.47
PRICECR01,716.942,1825.98
PRICECR01,718.196,2835.73
PRICECR01,718.852,3569.75
PRICECR01,719.587,4604.68
PRICECR01,720.085,5414.76
PRICECR01,720.535,6256.24
PRICECR01,720.932,7099.55
RAVENCR01,824.091,0
RAVENCR01,826.978,57.7042
RAVENCR01,829.774,288.556
RAVENCR01,831.194,577.077
RAVENCR01,831.959,865.633
RAVENCR01,832.362,1154.19
RAVENCR01,833.241,2347.3
RAVENCR01,833.655,3360.76
RAVENCR01,834.019,4732.98
RAVENCR01,834.209,5752.69
RAVENCR01,834.396,6926.2
RAVENCR01,834.564,8049.87
RBRTSCR01,744.849,0
RBRTSCR01,745.482,131.512
RBRTSCR01,747.179,657.488
RBRTSCR01,748.858,1314.98
RBRTSCR01,750.19,1972.47
RBRTSCR01,751.243,2629.95
RBRTSCR01,754.147,5236
RBRTSCR01,755.892,7259.64
RBRTSCR01,757.9,9918.62
RBRTSCR01,759.147,11899.3
RBRTSCR01,760.351,14017.2
RBRTSCR01,761.457,16144.9
SBVRCRK01,1085.4,0
SBVRCRK01,1087.23,9.32307
SBVRCRK01,1088.92,46.686
SBVRCRK01,1090.18,93.372
SBVRCRK01,1091.09,140.058
SBVRCRK01,1091.81,186.744
SBVRCRK01,1093.51,355.407
SBVRCRK01,1094.27,487.907
SBVRCRK01,1094.92,689.554
SBVRCRK01,1095.15,817.005
SBVRCRK01,1095.41,993.931
SBVRCRK01,1095.63,1172.76
SENGLSH01,683.36,0
SENGLSH01,686.322,125.155
SENGLSH01,690.43,625.705
SENGLSH01,693.022,1251.41
SENGLSH01,694.216,1877.15
SENGLSH01,695.118,2502.86
SENGLSH01,697.52,5005.85
SENGLSH01,698.524,6956.49
SENGLSH01,699.032,9525.43
SENGLSH01,699.239,11442.4
SENGLSH01,699.406,13493.6
SENGLSH01,699.636,15559
SFIOWA01,1087.6,0
SFIOWA01,1090.1,115.656
SFIOWA01,1093.58,578.348
SFIOWA01,1095.31,1156.66
SFIOWA01,1096.4,1735.01
SFIOWA01,1097.2,2313.36
SFIOWA01,1099.31,4660.72
SFIOWA01,1100.45,6500.55
SFIOWA01,1101.64,8932.24
SFIOWA01,1102.38,10751.8
SFIOWA01,1103.24,12701.4
SFIOWA01,1103.73,14671.2
SFIOWA02,1101.39,0
SFIOWA02,1103.48,109.475
SFIOWA02,1106.47,547.413
SFIOWA02,1108.36,1094.86
SFIOWA02,1109.65,1642.27
SFIOWA02,1110.6,2189.69
SFIOWA02,1113.4,4434.07
SFIOWA02,1115,6200.16
SFIOWA02,1116.54,8540.32
SFIOWA02,1117.24,10294.6
SFIOWA02,1117.86,12176.2
SFIOWA02,1118.41,14081.8
SFIOWA03,1123.16,0
SFIOWA03,1125.84,24.3318
SFIOWA03,1127.76,121.624
SFIOWA03,1129.17,243.247
SFIOWA03,1130.28,364.871
SFIOWA03,1131.21,486.495
SFIOWA03,1133.53,875.062
SFIOWA03,1134.77,1176.23
SFIOWA03,1136.07,1591.28
SFIOWA03,1136.79,1853.28
SFIOWA03,1137.79,2208.65
SFIOWA03,1138.43,2547.81
SSKNK04,971.181,0
SSKNK04,972.805,101.777
SSKNK04,975.384,508.884
SSKNK04,980.256,1017.77
SSKNK04,981.46,1526.65
SSKNK04,982.123,2035.54
SSKNK04,983.566,3474.96
SSKNK04,984.449,4412.21
SSKNK04,985.299,5579.36
SSKNK04,985.623,6460.11
SSKNK04,986.221,7358.52
SSKNK04,986.768,8276.35
TIPTNCR01,1008.53,0
TIPTNCR01,1009.56,93.1954
TIPTNCR01,1011.11,466.012
TIPTNCR01,1012.46,932.06
TIPTNCR01,1013.45,1398.07
TIPTNCR01,1014.21,1864.08
TIPTNCR01,1016.3,3831.36
TIPTNCR01,1017.76,5397.49
TIPTNCR01,1018.79,7488.09
TIPTNCR01,1019.51,9064
TIPTNCR01,1020.2,10759.1
TIPTNCR01,1020.89,12487.5
TIPTNCR02,1082.56,0
TIPTNCR02,1089.16,1681.44
TIPTNCR02,1090.44,3489.16
TIPTNCR02,1091.13,4938.9
TIPTNCR02,1091.9,6883.39
TIPTNCR02,1092.41,8354.32
TIPTNCR02,1092.91,9939.49
TIPTNCR02,1093.38,11562.7
TRBLSM01,1183.87,0
TRBLSM01,1185.14,128.651
TRBLSM01,1186.99,643.151
TRBLSM01,1188.43,1286.34
TRBLSM01,1189.66,1929.49
TRBLSM01,1190.78,2572.67
TRBLSM01,1194.42,5132.28
TRBLSM01,1196.7,7122.97
TRBLSM01,1199.27,9741.55
TRBLSM01,1200.95,11693.7
TRBLSM01,1202.4,13781.5
TRBLSM01,1203.18,15881.4
TKYRV02,809.121,0
TKYRV02,811.972,376.313
TKYRV02,815.6,1881.6
TKYRV02,818.376,3763.2
TKYRV02,820.463,5644.8
TKYRV02,822.11,7526.4
TKYRV02,826.207,14075.4
TKYRV02,828.399,18809.3
TKYRV02,830.213,25187.8
TKYRV02,831.263,29620.4
TKYRV02,832.159,34460.3
TKYRV02,832.848,39052.7
CLRCRKS02,770.371,0
CLRCRKS02,771.411,14.8675
CLRCRKS02,773.514,74.3021
CLRCRKS02,775.062,148.604
CLRCRKS02,776.201,222.871
CLRCRKS02,777.083,297.173
CLRCRKS02,779.997,755.522
CLRCRKS02,781.204,1163.55
CLRCRKS02,782.411,1809.31
CLRCRKS02,783.009,2217.55
CLRCRKS02,783.576,2657.57
CLRCRKS02,784.111,3117.65
VLGARV01,773.34,0
VLGARV01,775.659,229.157
VLGARV01,778.196,1145.75
VLGARV01,780.112,2291.46
VLGARV01,781.526,3437.21
VLGARV01,782.664,4582.96
VLGARV01,785.587,8898.98
VLGARV01,787.096,12191.6
VLGARV01,788.504,16730.1
VLGARV01,789.275,20111.7
VLGARV01,789.911,23582.3
VLGARV01,790.423,27141.8
WLNTCR02,861.152,0
WLNTCR02,863.533,111.347
WLNTCR02,866.299,556.736
WLNTCR02,868.077,1113.47
WLNTCR02,869.098,1670.21
WLNTCR02,869.741,2226.94
WLNTCR02,871.23,4138.53
WLNTCR02,872.09,5669.42
WLNTCR02,873.107,7869.87
WLNTCR02,873.799,9691.05
WLNTCR02,874.452,11714.6
WLNTCR02,875.069,13940.1
FOURMLE03,905.341,0
FOURMLE03,907.001,43.2958
FOURMLE03,909.18,216.444
FOURMLE03,910.699,432.922
FOURMLE03,911.732,649.366
FOURMLE03,912.605,865.81
FOURMLE03,914.501,1749.1
FOURMLE03,915.381,2474.22
FOURMLE03,916.168,3406.56
FOURMLE03,916.68,4117.97
FOURMLE03,917.224,4953.09
FOURMLE03,917.74,5797.61
PRICECR02,763.973,0
PRICECR02,765.909,41.071
PRICECR02,768.146,205.39
PRICECR02,769.79,410.816
PRICECR02,771.03,616.206
PRICECR02,772.057,821.596
PRICECR02,774.413,1602.51
PRICECR02,775.02,2272.22
PRICECR02,775.646,3191.49
PRICECR02,775.997,3763.13
PRICECR02,776.348,4406.74
PRICECR02,776.952,4952.25
LTLWAPSI01,1088,0
LTLWAPSI01,1089.8,99.0576
LTLWAPSI01,1092.25,495.324
LTLWAPSI01,1093.8,990.682
LTLWAPSI01,1094.83,1486.01
LTLWAPSI01,1095.58,1981.36
LTLWAPSI01,1097.27,4049.53
LTLWAPSI01,1098.02,5688.7
LTLWAPSI01,1098.76,7870.76
LTLWAPSI01,1099.23,9512.11
LTLWAPSI01,1099.66,11275.8
LTLWAPSI01,1100.05,13069.4
CRANECR02,1138.53,0
CRANECR02,1139.57,106.827
CRANECR02,1142.29,534.134
CRANECR02,1144.4,1068.23
CRANECR02,1145.77,1602.37
CRANECR02,1146.66,2136.5
CRANECR02,1148.63,4336.18
CRANECR02,1149.58,6070.17
CRANECR02,1150.45,8370.46
CRANECR02,1150.97,10096.4
CRANECR02,1151.42,11948.3
CRANECR02,1151.82,13825.6
LTLTKY02,1115.49,0
LTLTKY02,1121.36,76.88
LTLTKY02,1123.01,384.4
LTLTKY02,1123.84,768.765
LTLTKY02,1124.36,1153.13
LTLTKY02,1124.76,1537.53
LTLTKY02,1125.85,3070.36
LTLTKY02,1126.53,4368.11
LTLTKY02,1127.27,6097.32
LTLTKY02,1127.78,7363.43
LTLTKY02,1128.23,8839.16
LTLTKY02,1128.61,10211.8
NBEARCR01,802.516,0
NBEARCR01,806.781,76.1384
NBEARCR01,808.806,380.727
NBEARCR01,809.957,761.455
NBEARCR01,810.656,1142.22
NBEARCR01,811.201,1522.94
NBEARCR01,812.861,3189.37
NSKNK01,824.531,14671.5
NBEARCR01,813.389,4008.57
NBEARCR01,814.042,5520.18
NBEARCR01,814.462,6688.49
NBEARCR01,814.859,7933.97
NBEARCR01,815.23,9206.92
BLUECR01,761.076,0
BLUECR01,763.625,58.4105
BLUECR01,765.194,292.017
BLUECR01,766.67,584.034
BLUECR01,767.736,876.051
BLUECR01,768.422,1168.07
BLUECR01,769.777,2335.43
BLUECR01,770.24,3255.73
BLUECR01,770.725,4526.25
BLUECR01,771.047,5512.44
BLUECR01,771.365,6569.66
BLUECR01,771.677,7659.54
GLBRTCR01,942.907,0
GLBRTCR01,943.396,6.9923
GLBRTCR01,944.19,34.9615
GLBRTCR01,944.8,69.923
GLBRTCR01,945.262,104.885
GLBRTCR01,945.666,139.846
GLBRTCR01,946.847,274.395
GLBRTCR01,947.556,385.989
GLBRTCR01,948.159,549.143
GLBRTCR01,948.474,655.44
GLBRTCR01,948.868,810.472
GLBRTCR01,949.18,959.146
SQWCR03,927.103,0
SQWCR03,928.478,116.75
SQWCR03,930.574,583.751
SQWCR03,932.257,1167.5
SQWCR03,933.583,1751.25
SQWCR03,934.708,2335.01
SQWCR03,936.532,4644.23
SQWCR03,937.448,6631.04
SQWCR03,938.294,9638.43
SQWCR03,938.98,12288.8
SQWCR03,939.744,15391.9
SQWCR03,940.577,19032.8
SQWCR04,968.848,0
SQWCR04,969.452,31.3594
SQWCR04,970.453,156.797
SQWCR04,971.319,313.594
SQWCR04,972.024,470.391
SQWCR04,972.638,627.188
SQWCR04,974.308,1137.84
SQWCR04,975.338,1512.53
SQWCR04,976.486,2009.4
SQWCR04,977.142,2385.51
SQWCR04,977.661,2771.5
SQWCR04,978.068,3167.37
SQWCR05,1011.35,0
SQWCR05,1012.4,24.4731
SQWCR05,1013.75,122.259
SQWCR05,1014.77,244.554
SQWCR05,1015.55,366.813
SQWCR05,1016.21,489.108
SQWCR05,1017.91,887.104
SQWCR05,1018.88,1178.45
SQWCR05,1019.93,1563.73
SQWCR05,1020.51,1854.37
SQWCR05,1021,2151.72
SQWCR05,1021.44,2456.49
SQWCR07,1067.52,0
SQWCR07,1070.13,8.65209
SQWCR07,1071.71,43.3311
SQWCR07,1072.74,86.6975
SQWCR07,1073.5,130.029
SQWCR07,1074.12,173.395
SQWCR07,1075.82,334.783
SQWCR07,1076.91,468.272
SQWCR07,1078.22,662.856
SQWCR07,1078.93,786.811
SQWCR07,1079.85,970.447
SQWCR07,1080.62,1145.25
GLACIAL01,983.215,0
GLACIAL01,983.458,9.04056
GLACIAL01,984.334,45.2028
GLACIAL01,985.21,90.4055
GLACIAL01,985.919,135.608
GLACIAL01,986.46,180.811
GLACIAL01,987.917,348.203
GLACIAL01,988.704,486.636
GLACIAL01,989.564,687.577
GLACIAL01,990,815.416
GLACIAL01,990.456,1005.06
GLACIAL01,990.778,1185.87
PRAIRIE01,960.499,0
PRAIRIE01,962.913,11.9717
PRAIRIE01,964.029,59.8584
PRAIRIE01,964.879,119.717
PRAIRIE01,965.528,179.575
PRAIRIE01,966.106,239.433
PRAIRIE01,967.392,453.087
PRAIRIE01,968.127,628.248
PRAIRIE01,968.901,881.807
PRAIRIE01,969.226,1037.9
PRAIRIE01,969.593,1274.51
PRAIRIE01,969.829,1498.4
PRAIRIE02,1069.18,0
PRAIRIE02,1069.36,6.18007
PRAIRIE02,1070.78,30.971
PRAIRIE02,1071.7,61.9772
PRAIRIE02,1072.21,92.9482
PRAIRIE02,1072.6,123.954
PRAIRIE02,1073.5,242.965
PRAIRIE02,1073.96,337.961
PRAIRIE02,1074.47,482.398
PRAIRIE02,1074.72,578.101
PRAIRIE02,1075.02,716.535
PRAIRIE02,1075.25,849.671
TALYNNS01,974.97,0
TALYNNS01,975.978,7.9458
TALYNNS01,976.89,39.729
TALYNNS01,977.556,79.458
TALYNNS01,978.077,119.187
TALYNNS01,978.497,158.916
TALYNNS01,979.623,309.003
TALYNNS01,980.272,433.311
TALYNNS01,981.027,614.122
TALYNNS01,981.394,731.014
TALYNNS01,981.772,902.29
TALYNNS01,982.021,1066.15
SBRCRKD01,1035.32,0
SBRCRKD01,1035.51,4.3437
SBRCRKD01,1036.82,21.8245
SBRCRKD01,1037.72,43.6136
SBRCRKD01,1038.37,65.4028
SBRCRKD01,1038.89,87.2272
SBRCRKD01,1040.45,176.573
SBRCRKD01,1041.41,251.44
SBRCRKD01,1042.47,361.975
SBRCRKD01,1043.02,437.196
SBRCRKD01,1043.68,544.199
SBRCRKD01,1044.25,648.024
WORRELL01,1020.42,0
WORRELL01,1021.65,6.4979
WORRELL01,1023.39,32.4189
WORRELL01,1024.63,64.8024
WORRELL01,1025.4,97.2213
WORRELL01,1025.95,129.605
WORRELL01,1027.43,253.559
WORRELL01,1027.72,347.496
WORRELL01,1028.02,494.052
WORRELL01,1028.17,590.461
WORRELL01,1028.35,730.307
WORRELL01,1028.5,859.559
CLEARCR01,981.968,0
CLEARCR01,982.749,8.8993
CLEARCR01,983.97,44.4965
CLEARCR01,984.908,88.993
CLEARCR01,985.555,133.489
CLEARCR01,986.07,177.986
CLEARCR01,987.516,341.846
CLEARCR01,988.255,474.276
CLEARCR01,989.104,670.625
CLEARCR01,989.531,794.58
CLEARCR01,990.069,977.157
CLEARCR01,990.518,1153.02
ONIONCR01,955.105,0
ONIONCR01,958.668,12.8899
ONIONCR01,959.462,64.3433
ONIONCR01,967.382,128.722
ONIONCR01,968.468,193.065
ONIONCR01,968.832,257.444
ONIONCR01,969.334,485.224
ONIONCR01,969.925,671.685
ONIONCR01,970.279,940.783
ONIONCR01,970.282,1105.35
ONIONCR01,970.289,1356.08
ONIONCR01,970.299,1592.34
SONIONTR01,1082.46,0
SONIONTR01,1083.67,34.2552
SONIONTR01,1084.2,72.7482
SONIONTR01,1084.45,105.591
SONIONTR01,1084.85,156.091
SONIONTR01,1085.1,192.465
SONIONTR01,1085.41,242.259
SONIONTR01,1086.06,290.993
SONIONCR01,1060.51,0
SONIONCR01,1061.3,4.44965
SONIONCR01,1062.36,22.1423
SONIONCR01,1063.1,44.3199
SONIONCR01,1063.63,66.4622
SONIONCR01,1064.04,88.6398
SONIONCR01,1065.21,179.045
SONIONCR01,1065.89,254.619
SONIONCR01,1066.69,366.919
SONIONCR01,1067.14,443.199
SONIONCR01,1067.69,551.262
SONIONCR01,1068.09,656.5
NONIONCR01,1031.01,0
NONIONCR01,1031.42,4.69685
NONIONCR01,1032.18,23.4843
NONIONCR01,1032.85,46.9685
NONIONCR01,1033.44,70.4528
NONIONCR01,1033.97,93.937
NONIONCR01,1035.69,188.933
NONIONCR01,1036.57,268.391
NONIONCR01,1037.49,385.989
NONIONCR01,1037.94,465.447
NONIONCR01,1038.47,578.807
NONIONCR01,1038.89,688.636
NONIONCR02,1080.2,0
NONIONCR02,1081,2.96643
NONIONCR02,1082.53,14.8322
NONIONCR02,1083.39,29.6643
NONIONCR02,1083.91,44.4965
NONIONCR02,1084.4,59.3286
NONIONCR02,1085.26,135.961
NONIONCR02,1085.61,194.937
NONIONCR02,1086,282.87
NONIONCR02,1086.2,344.318
NONIONCR02,1086.36,429.426
NONIONCR02,1086.5,511.71
NBRCRKD01,1039.82,0
NBRCRKD01,1040.83,9.1465
NBRCRKD01,1042.32,45.8384
NBRCRKD01,1043.42,91.6416
NBRCRKD01,1044.22,137.445
NBRCRKD01,1044.85,183.283
NBRCRKD01,1046.55,352.794
NBRCRKD01,1047.59,492.993
NBRCRKD01,1048.82,696.405
NBRCRKD01,1049.5,825.657
NBRCRKD01,1050.39,1017.42
NBRCRKD01,1051.12,1199.99
CHQSTCR01,619.872,0
CHQSTCR01,621.972,175.973
CHQSTCR01,625.164,879.936
CHQSTCR01,627.73,1759.91
CHQSTCR01,629.754,2639.88
CHQSTCR01,631.417,3519.81
CHQSTCR01,634.557,6535.08
CHQSTCR01,635.843,8881.39
CHQSTCR01,637.287,12195.6
CHQSTCR01,638.343,14834.6
CHQSTCR01,639.4,17563.3
CHQSTCR01,640.486,20446.1
CHQSTCR02,665.965,0
CHQSTCR02,669.603,93.266
CHQSTCR02,672.799,466.26
CHQSTCR02,674.928,932.484
CHQSTCR02,676.657,1398.74
CHQSTCR02,677.966,1864.97
CHQSTCR02,680.213,3564.59
CHQSTCR02,681.46,4893.34
CHQSTCR02,682.851,6793.94
CHQSTCR02,684.052,8327.55
CHQSTCR02,684.396,9941.29
CHQSTCR02,685.007,11640.6
SOAPCR01,630.154,0
SOAPCR01,633.406,228.309
SOAPCR01,638.081,1141.51
SOAPCR01,640.755,2282.99
SOAPCR01,642.851,3424.46
SOAPCR01,644.649,4565.97
SOAPCR01,648.865,8078.19
SOAPCR01,650.892,10719.4
SOAPCR01,651.893,14353.1
SOAPCR01,652.385,17206.3
SOAPCR01,652.854,20143.2
SOAPCR01,653.31,23279
LTLSOAP01,645.341,0
LTLSOAP01,647.29,64.9437
LTLSOAP01,649.636,324.718
LTLSOAP01,651.516,649.437
LTLSOAP01,652.582,974.155
LTLSOAP01,653.504,1298.87
LTLSOAP01,655.666,2521.54
LTLSOAP01,656.194,3449.47
LTLSOAP01,656.749,4783.3
LTLSOAP01,657.343,5877.88
LTLSOAP01,657.73,7130.67
LTLSOAP01,658.176,8422.23
SOAPCR02,706.69,0
SOAPCR02,708.753,168.31
SOAPCR02,711.594,841.619
SOAPCR02,713.829,1683.24
SOAPCR02,715.627,2524.86
SOAPCR02,717.139,3366.48
SOAPCR02,719.498,6186.18
SOAPCR02,720.089,8368.55
SOAPCR02,720.643,11412.5
SOAPCR02,720.984,13841.7
SOAPCR02,721.312,16384.5
SOAPCR02,721.657,19134.8
SOAPCR03,769.557,0
SOAPCR03,771.207,73.4898
SOAPCR03,773.304,367.449
SOAPCR03,774.895,734.898
SOAPCR03,776.122,1102.31
SOAPCR03,777.178,1469.76
SOAPCR03,780.276,2874.01
SOAPCR03,781.837,4072.77
SOAPCR03,783.133,5714.48
SOAPCR03,783.793,6989.87
SOAPCR03,784.416,8487.28
SOAPCR03,784.934,10013.9
BIGCRK01,943.602,0
BIGCRK01,948.97,999.052
BIGCRK01,950.945,2012.94
BIGCRK01,952.142,2835.06
BIGCRK01,953.104,3958.07
BIGCRK01,953.638,4759
BIGCRK01,954.009,5705.44
BIGCRK01,954.255,6654.34
BIGCRK02,958.432,0
BIGCRK02,964.423,904.409
BIGCRK02,965.791,1839.54
BIGCRK02,966.368,2601.63
BIGCRK02,966.886,3646.59
BIGCRK02,967.215,4397.38
BIGCRK02,967.569,5281.31
BIGCRK02,967.897,6171.94
BIGCRK03,983.202,0
BIGCRK03,989.56,709.119
BIGCRK03,990.489,1475.8
BIGCRK03,991.02,2109.34
BIGCRK03,991.611,2985.86
BIGCRK03,991.988,3626.11
BIGCRK03,992.392,4374.43
BIGCRK03,992.772,5136.17
BIGCRK3T01,990.866,0
BIGCRK3T01,994.308,135.255
BIGCRK3T01,995.528,265.919
BIGCRK3T01,996.168,374.335
BIGCRK3T01,996.683,532.898
BIGCRK3T01,996.936,636.723
BIGCRK3T01,997.251,787.517
BIGCRK3T01,997.516,932.66
BIGCRK04,1014.9,0
BIGCRK04,1019.37,301.94
BIGCRK04,1020.84,562.916
BIGCRK04,1021.7,775.863
BIGCRK04,1022.56,1082.04
BIGCRK04,1022.91,1266.03
BIGCRK04,1023.29,1550.31
BIGCRK04,1023.53,1816.59
BIGCRK05,1028.94,0
BIGCRK05,1032.72,254.972
BIGCRK05,1033.89,480.279
BIGCRK05,1034.6,665.328
BIGCRK05,1035.47,931.954
BIGCRK05,1035.89,1095.11
BIGCRK05,1036.37,1341.25
BIGCRK05,1036.75,1572.92
BIGCRK7T01,1059.04,0
BIGCRK7T01,1061.91,83.3426
BIGCRK7T01,1062.8,168.804
BIGCRK7T01,1063.11,240.493
BIGCRK7T01,1063.41,346.79
BIGCRK7T01,1063.54,419.538
BIGCRK7T01,1063.72,522.304
BIGCRK7T01,1063.87,622.244
BIGCRK07,1091.6,0
BIGCRK07,1094.43,107.003
BIGCRK07,1095.17,213.654
BIGCRK07,1095.46,302.647
BIGCRK07,1095.75,433.311
BIGCRK07,1095.92,520.891
BIGCRK07,1096.14,646.612
BIGCRK07,1096.33,768.094
LTLCEDAR01,946.063,0
LTLCEDAR01,954.183,3224.3
LTLCEDAR01,956.854,6898.68
LTLCEDAR01,958.258,9972.51
LTLCEDAR01,959.888,14314.4
LTLCEDAR01,960.988,17779.6
LTLCEDAR01,962.083,21487.6
LTLCEDAR01,963.061,25411.1
LTLCEDAR02,1069.73,0
LTLCEDAR02,1079.14,2769.2
LTLCEDAR02,1081.59,5924.99
LTLCEDAR02,1082.65,8564.9
LTLCEDAR02,1083.78,12294
LTLCEDAR02,1084.49,15270.1
LTLCEDAR02,1085.17,18454.7
LTLCEDAR02,1086.37,21824.5
CEDARRV04,1087.43,0
CEDARRV04,1102.86,8634.68
CEDARRV04,1105.41,14765
CEDARRV04,1106.88,18855.2
CEDARRV04,1108.52,23940.9
CEDARRV04,1109.62,27645
CEDARRV04,1110.7,31347.9
CEDARRV04,1111.62,34951.2
CEDARRV05,1129.53,0
CEDARRV05,1140.03,6154.68
CEDARRV05,1143.51,10758.5
CEDARRV05,1145.27,14006.1
CEDARRV05,1147.13,18497.9
CEDARRV05,1148.22,21757.2
CEDARRV05,1149.28,25198.4
CEDARRV05,1150.24,28535.3
SQWTRB01,1021.63,0
SQWTRB01,1024.95,136.315
SQWTRB01,1025.94,267.332
SQWTRB01,1026.51,376.454
SQWTRB01,1027.17,535.724
SQWTRB01,1027.46,639.902
SQWTRB01,1027.82,791.755
SQWTRB01,1028.12,937.604
MDDLRCCN03,1196.13,0
MDDLRCCN03,1204.06,1885.45
MDDLRCCN03,1207.46,3871.19
MDDLRCCN03,1209.34,5450.47
MDDLRCCN03,1210.89,7558.04
MDDLRCCN03,1211.56,9145.79
MDDLRCCN03,1212.01,10853.6
MDDLRCCN03,1212.39,12593.9
MNTGMRY02,1014.61,0
MNTGMRY02,1017.14,226.12
MNTGMRY02,1017.95,429.532
MNTGMRY02,1018.31,596.677
MNTGMRY02,1018.6,838.405
MNTGMRY02,1018.73,988.458
MNTGMRY02,1018.96,1214.79
MNTGMRY02,1019.15,1428.94
INDIAN02,1060.08,0
INDIAN02,1069.93,1293.93
INDIAN02,1073.14,2898.63
INDIAN02,1074.03,4180.55
INDIAN02,1075.03,6635.98
INDIAN02,1075.63,8605.48
INDIAN02,1076.21,10881.2
INDIAN02,1076.79,13507.5
NSKNK01,807.503,0
NSKNK01,817.096,3020.04
NSKNK01,821.04,5936.11
NSKNK01,822.385,8177.82
NSKNK01,823.524,11071
NSKNK01,825.118,17181.2
NSKNK01,825.63,19673.1
WALNUTCR01,757.047,0
WALNUTCR01,766.437,919.594
WALNUTCR01,767.654,2012.58
WALNUTCR01,768.455,3211.16
WALNUTCR01,769.134,4466.95
WALNUTCR01,769.587,5441.99
WALNUTCR01,770.03,6488.01
WALNUTCR01,770.453,7566.52
BIGCRK3T02,1010.71,0
BIGCRK3T02,1013.71,120.07
BIGCRK3T02,1014.73,238.021
BIGCRK3T02,1015.32,335.842
BIGCRK3T02,1015.93,474.982
BIGCRK3T02,1016.23,569.626
BIGCRK3T02,1016.57,705.94
BIGCRK3T02,1016.85,837.311
BIGCRK06,1059.84,0
BIGCRK06,1062.9,162.801
BIGCRK06,1063.6,316.066
BIGCRK06,1063.93,442.846
BIGCRK06,1064.28,627.542
BIGCRK06,1064.48,746.199
BIGCRK06,1064.74,920.653
BIGCRK06,1064.97,1087.69
YELLOWRV01,966.503,0
YELLOWRV01,972.887,1606.18
YELLOWRV01,974.35,3198.66
YELLOWRV01,975.089,4546.34
YELLOWRV01,975.906,6337.61
YELLOWRV01,976.345,7646.12
YELLOWRV01,976.696,9174.54
YELLOWRV01,977.06,10589.6
MDDLRCCN01,909.843,0
MDDLRCCN01,918.868,5777.83
MDDLRCCN01,922.005,10105.3
MDDLRCCN01,923.724,13543.9
MDDLRCCN01,925.41,18334.3
MDDLRCCN01,926.476,22102.4
MDDLRCCN01,927.497,26118.4
MDDLRCCN01,928.435,30312.7
MDDLRCCN02,1123.72,0
MDDLRCCN02,1131.95,3188.21
MDDLRCCN02,1135.49,6540.98
MDDLRCCN02,1137.23,9283.17
MDDLRCCN02,1139.05,13069.6
MDDLRCCN02,1140.25,16041.7
MDDLRCCN02,1141.42,19221.1
MDDLRCCN02,1142.53,22570
BEAVER01,1003.44,0
BEAVER01,1006.39,758.877
BEAVER01,1006.97,1430.81
BEAVER01,1007.35,1942.84
BEAVER01,1007.77,2672.9
BEAVER01,1008.07,3252.83
BEAVER01,1008.35,3870.73
BEAVER01,1008.64,4508.69
BEAVER03,1083.76,0
BEAVER03,1087.97,483.069
BEAVER03,1088.61,913.025
BEAVER03,1089.03,1258.76
BEAVER03,1089.52,1758.35
BEAVER03,1089.85,2156.21
BEAVER03,1090.16,2585.39
BEAVER03,1090.45,3034.55
OTTRCRK03,977.592,0
OTTRCRK03,981.49,1221.18
OTTRCRK03,983.077,2474.57
OTTRCRK03,984.419,3538.46
OTTRCRK03,985.052,4974.49
OTTRCRK03,985.377,6038.56
OTTRCRK03,985.745,7266.03
OTTRCRK03,986.115,8434.87
OTTRCRK04,1082.09,0
OTTRCRK04,1085.89,959.5
OTTRCRK04,1087.69,1861.29
OTTRCRK04,1088.55,2639.14
OTTRCRK04,1089.34,3696.85
OTTRCRK04,1089.82,4466.67
OTTRCRK04,1090.31,5386.3
OTTRCRK04,1090.72,6217.78
SCHQSTCR01,666.798,0
SCHQSTCR01,673.579,1453.16
SCHQSTCR01,675.942,2848.06
SCHQSTCR01,677.119,3963.75
SCHQSTCR01,677.733,5578.23
SCHQSTCR01,678.163,6892.68
SCHQSTCR01,678.57,8289.55
SCHQSTCR01,678.973,9773.62
MQKTARV01,792.051,0
MQKTARV01,801.86,5802.76
MQKTARV01,804.042,10736.5
MQKTARV01,805.092,14350.5
MQKTARV01,806.578,20218.6
MQKTARV01,807.539,24736.7
MQKTARV01,808.442,29254.8
MQKTARV01,809.908,35580.3
ROGERSCR01,1007.12,0
ROGERSCR01,1012.65,1080.35
ROGERSCR01,1013.52,2087.03
ROGERSCR01,1014.2,2959.23
ROGERSCR01,1014.66,4173.49
ROGERSCR01,1015.02,5089.02
ROGERSCR01,1015.41,6136.59
ROGERSCR01,1015.75,7153.59
RAPIDCR01,730.774,0
RAPIDCR01,736.795,548.225
RAPIDCR01,738.478,1084.55
RAPIDCR01,739.377,1537.81
RAPIDCR01,740.276,2175.38
RAPIDCR01,740.846,2654.32
RAPIDCR01,741.424,3200.82
RAPIDCR01,741.932,3731.38
SLOUGHCR01,1095.64,0
SLOUGHCR01,1097.75,347.249
SLOUGHCR01,1098.23,659.572
SLOUGHCR01,1098.5,919.453
SLOUGHCR01,1098.83,1298.56
SLOUGHCR01,1099.06,1601.2
SLOUGHCR01,1099.23,1930.55
SLOUGHCR01,1099.41,2276.7
ROCKCR01,1023.56,0
ROCKCR01,1029.17,1813.87
ROCKCR01,1031.55,3737.56
ROCKCR01,1032.74,5272.02
ROCKCR01,1034.49,7322.92
ROCKCR01,1035.41,8870.34
ROCKCR01,1036.93,10535.7
ROCKCR01,1037.7,12235.5
ROCKCR02,1138.94,0
ROCKCR02,1141.95,956.145
ROCKCR02,1142.83,1941.14
ROCKCR02,1143.35,2729.19
ROCKCR02,1143.99,3825.07
ROCKCR02,1144.45,4679.02
ROCKCR02,1144.88,5598.79
ROCKCR02,1145.28,6553.73
DSMNSRV03,992.52,0
DSMNSRV03,1003.03,10964.1
DSMNSRV03,1005.94,18716.1
DSMNSRV03,1007.52,24403.8
DSMNSRV03,1009.28,32088
DSMNSRV03,1010.46,38128.2
DSMNSRV03,1011.6,44413.5
DSMNSRV03,1012.53,50959.8
MCHKNCK01,715.125,0
MCHKNCK01,720.502,1315.47
MCHKNCK01,721.191,2606.54
MCHKNCK01,721.631,3615.41
MCHKNCK01,722.211,5002.25
MCHKNCK01,722.661,6076.38
MCHKNCK01,723.14,7224.67
MCHKNCK01,723.622,8403.3
SPRINGCR01,779.593,0
SPRINGCR01,785.705,683.339
SPRINGCR01,786.401,1294.64
SPRINGCR01,786.69,1763.97
SPRINGCR01,787.179,2425.76
SPRINGCR01,787.431,2882.74
SPRINGCR01,787.697,3437.88
SPRINGCR01,787.943,4013.51
CAMPCR01,812.969,0
CAMPCR01,820.886,916.168
CAMPCR01,822.854,1866.06
CAMPCR01,823.173,2617.49
CAMPCR01,823.484,3570.1
CAMPCR01,823.711,4375.03
CAMPCR01,823.944,5243.66
CAMPCR01,824.173,6148.11
MUDCRK01,815.079,0
MUDCRK01,819.085,940.076
MUDCRK01,821.401,1910.88
MUDCRK01,822.94,2688.51
MUDCRK01,824.682,4091.2
MUDCRK01,825.417,4896.38
MUDCRK01,825.961,5838.93
MUDCRK01,826.398,6756.05
DSMNSRV01,869.029,0
DSMNSRV01,880.719,16931.6
DSMNSRV01,883.34,27929
DSMNSRV01,885.604,35269.1
DSMNSRV01,890.154,44541.7
DSMNSRV01,892.385,51495.8
DSMNSRV01,893.885,58472.6
DSMNSRV01,895.066,65516.1
DSMNSRV02,886.844,0
DSMNSRV02,898.727,16829.6
DSMNSRV02,901.604,27760.9
DSMNSRV02,903.199,35056.9
DSMNSRV02,905.102,44273.6
DSMNSRV02,906.453,51175.9
DSMNSRV02,907.736,58120.5
DSMNSRV02,908.917,65121.7
BEAVERCRK01,973.671,0
BEAVERCRK01,977.467,926.304
BEAVERCRK01,979.291,1879.45
BEAVERCRK01,980.059,2655.66
BEAVERCRK01,980.784,3718.99
BEAVERCRK01,981.165,4481.43
BEAVERCRK01,981.549,5379.84
BEAVERCRK01,981.893,6284.24
NRCCNRV02,936.778,0
NRCCNRV02,943.914,8395.36
NRCCNRV02,945.633,14835.3
NRCCNRV02,946.558,19060
NRCCNRV02,947.585,24197.3
NRCCNRV02,948.199,27854.1
NRCCNRV02,948.743,31402.5
NRCCNRV02,949.252,34781.4
NRCCNRV01,901.444,0
NRCCNRV01,909.016,8568.75
NRCCNRV01,911.168,15141.9
NRCCNRV01,912.336,19453.4
NRCCNRV01,913.593,24697
NRCCNRV01,914.439,28429.4
NRCCNRV01,915.174,32050.9
NRCCNRV01,915.833,35499.7
SRCCNRV01,917.785,0
SRCCNRV01,927.605,4469.78
SRCCNRV01,930.738,8472.69
SRCCNRV01,932.119,11462.1
SRCCNRV01,933.566,15295.5
SRCCNRV01,934.462,18099.5
SRCCNRV01,935.325,21070.8
SRCCNRV01,936.112,23985
ENISH02,946.562,0
ENISH02,958.031,11208.9
ENISH02,959.872,19840.5
ENISH02,960.597,25737
ENISH02,961.355,33186.2
ENISH02,961.854,38746.2
ENISH02,962.313,44375.3
ENISH02,962.733,50072.7
MSQUTOCR01,990.797,0
MSQUTOCR01,1002.05,3289.7
MSQUTOCR01,1006.05,6415.12
MSQUTOCR01,1008.19,8802.78
MSQUTOCR01,1010.49,11887.9
MSQUTOCR01,1012.31,14141.3
MSQUTOCR01,1014,16531.6
MSQUTOCR01,1014.92,20994.1
MSQUTOCR02,1079.04,0
MSQUTOCR02,1091.07,2632.6
MSQUTOCR02,1094.98,5106.36
MSQUTOCR02,1097.42,7088.96
MSQUTOCR02,1099.95,9584.08
MSQUTOCR02,1101.62,11377.7
MSQUTOCR02,1102.36,14854.2
MSQUTOCR02,1102.97,16979.9
WAPSI02,660.787,0
WAPSI02,667.822,10602.7
WAPSI02,668.947,19469.4
WAPSI02,669.573,25901.4
WAPSI02,670.289,34170.2
WAPSI02,670.846,40531.4
WAPSI02,671.493,47449.7
WAPSI02,672.234,54715
BRCHFLD01,1046.19,0
BRCHFLD01,1049.71,166.685
BRCHFLD01,1050.62,319.951
BRCHFLD01,1051.15,448.143
BRCHFLD01,1051.71,634.605
BRCHFLD01,1051.97,751.849
BRCHFLD01,1052.31,926.657
BRCHFLD01,1052.6,1087.69
BOYERRV01,1000.35,0
BOYERRV01,1009.86,11492.7
BOYERRV01,1011.02,18462.3
BOYERRV01,1011.5,22814.3
BOYERRV01,1011.91,28063.9
BOYERRV01,1012.09,31840.1
BOYERRV01,1012.19,35573.1
BOYERRV01,1012.63,39178.8
BOYERRV02,1059.59,0
BOYERRV02,1071.61,10328.8
BOYERRV02,1074.22,16592.5
BOYERRV02,1075.3,20503.8
BOYERRV02,1076.22,25221.7
BOYERRV02,1076.72,28615.4
BOYERRV02,1077.17,31970.3
BOYERRV02,1077.56,35210.8
MADCRK02,616.535,0
MADCRK02,621.326,405.342
MADCRK02,622.723,810.472
MADCRK02,623.642,1149.14
MADCRK02,624.738,1634.22
MADCRK02,625.381,2004.64
MADCRK02,625.879,2417.32
MADCRK02,626.375,2833.01
MQKTARV05,965.315,0
MQKTARV05,974.213,2549.58
MQKTARV05,976.43,5090.57
MQKTARV05,977.566,7068.12
MQKTARV05,978.668,9670.32
MQKTARV05,979.344,11610.9
MQKTARV05,979.925,13686.7
MQKTARV05,980.515,15775.2
BEAVER02,1039.07,0
BEAVER02,1043.46,625.811
BEAVER02,1044.35,1144.72
BEAVER02,1044.91,1566.17
BEAVER02,1045.39,2171.04
BEAVER02,1045.69,2652.1
BEAVER02,1045.98,3167.87
BEAVER02,1046.28,3703.94
BRCKCMP01,987.73,0
BRCKCMP01,992.32,663.774
BRCKCMP01,993.681,1304.38
BRCKCMP01,994.518,1849.5
BRCKCMP01,995.341,2607.53
BRCKCMP01,995.794,3170.97
BRCKCMP01,996.237,3823.84
BRCKCMP01,996.588,4442.76
WLNTCRK01,743.704,0
WLNTCRK01,751.775,1944.11
WLNTCRK01,753.15,3922.86
WLNTCRK01,753.875,5512.69
WLNTCRK01,754.862,8446.74
WLNTCRK01,755.42,10185.3
WLNTCRK01,756.024,12050.7
WLNTCRK01,756.673,13940.7
OTTRCRK02,884.744,0
OTTRCRK02,890.453,1495.22
OTTRCRK02,892.047,2991.19
OTTRCRK02,892.533,4258.03
OTTRCRK02,893.107,5948.76
OTTRCRK02,893.323,7188.48
OTTRCRK02,893.586,8631.61
OTTRCRK02,893.766,9977.77
SSKNK01,742.976,0
SSKNK01,753.205,8030.56
SSKNK01,754.977,12644.4
SSKNK01,755.919,16304.4
SSKNK01,756.906,21365.4
SSKNK01,757.421,25015.1
SSKNK01,757.874,28999.3
SSKNK01,758.271,33128
NORTHRV01,765.748,0
NORTHRV01,774.987,4369.48
NORTHRV01,775.764,8300.01
NORTHRV01,776.204,11240.7
NORTHRV01,776.663,15817.8
NORTHRV01,777.011,19935.1
NORTHRV01,777.329,24505.6
NORTHRV01,777.671,29548.5
EINDNCR01,886.056,0
EINDNCR01,889.737,2497.7
EINDNCR01,892.835,4996.5
EINDNCR01,894.222,6944.13
EINDNCR01,895.423,9509.32
EINDNCR01,896.05,11423.7
EINDNCR01,896.673,13472.2
EINDNCR01,897.26,15535
INDCR03,768.9,0
INDCR03,769.435,20
INDCR03,769.913,50
INDCR03,770.685,100
INDCR03,771.781,200
INDCR03,774.03,500
INDCR03,775.667,800
INDCR03,776.476,1000
INDCR03,777.035,1200
INDCR03,777.714,1500
INDCR03,777.982,1646
INDCR03,778.515,2000
INDCR03,779.126,2500
INDCR03,779.621,3000
INDCR03,780.021,3446
INDCR03,780.463,4000
INDCR03,780.814,4500
INDCR03,781.078,4910
INDCR03,781.455,5500
INDCR03,781.74,6000
SSKNK03,876.9,0
SSKNK03,877.878,50
SSKNK03,878.265,100
SSKNK03,878.836,200
SSKNK03,880.067,500
SSKNK03,881.014,800
SSKNK03,881.564,1000
SSKNK03,883.807,2000
SSKNK03,887.123,4000
SSKNK03,887.245,4086
SSKNK03,889.059,5500
SSKNK03,890.556,7000
SSKNK03,891.332,7858
SSKNK03,892.158,9000
SSKNK03,893.291,10751
SSKNK03,894.029,12000
SSKNK03,895.473,14651
SSKNK03,896.931,17661
SSKNK03,898.335,20800
SSKNK03,899.598,23936
RCCNRV01,834.67,0
RCCNRV01,840.728,1
RCCNRV01,841.056,10
RCCNRV01,841.573,50
RCCNRV01,841.944,100
RCCNRV01,842.484,200
RCCNRV01,843.197,400
RCCNRV01,843.475,500
RCCNRV01,844.54,1000
RCCNRV01,845.336,1500
RCCNRV01,845.979,2000
RCCNRV01,846.531,2500
RCCNRV01,848.691,5000
RCCNRV01,851.868,10000
RCCNRV01,856.312,20000
RCCNRV01,859.677,30000
RCCNRV01,863.19,50000
RCCNRV01,865.387,70000
IOWARV02,860.49,0
IOWARV02,861.701,50
IOWARV02,861.972,100
IOWARV02,862.285,200
IOWARV02,862.857,500
IOWARV02,863.132,700
IOWARV02,863.481,1000
IOWARV02,864.662,2000
IOWARV02,867.483,5000
IOWARV02,867.667,5224
IOWARV02,868.289,6000
IOWARV02,869.048,7000
IOWARV02,869.758,8000
IOWARV02,870.427,9000
IOWARV02,870.854,9821
IOWARV02,870.932,10000
IOWARV02,871.319,11000
IOWARV02,871.66,12000
IOWARV02,872.043,13289
IOWARV02,872.534,15000
IOWARV02,873.221,17933
IOWARV02,873.696,20000
IOWARV02,874.005,21499
IOWARV02,874.772,25212
IOWARV02,875.341,28914
ENGLSHRV01,631.69,0
ENGLSHRV01,635.648,50
ENGLSHRV01,636.222,100
ENGLSHRV01,637.119,200
ENGLSHRV01,638.57,500
ENGLSHRV01,639.681,800
ENGLSHRV01,640.327,1000
ENGLSHRV01,642.975,2000
ENGLSHRV01,648.536,5000
ENGLSHRV01,649.478,5670
ENGLSHRV01,654.448,10578
ENGLSHRV01,657.17,14261
ENGLSHRV01,660.284,19183
ENGLSHRV01,662.354,22954
ENGLSHRV01,664.292,26881
ENGLSHRV01,666.105,30794
CLRCRK01,697.2,0
CLRCRK01,698.106,1
CLRCRK01,698.827,10
CLRCRK01,699.199,20
CLRCRK01,699.896,50
CLRCRK01,700.657,100
CLRCRK01,701.766,200
CLRCRK01,703.491,400
CLRCRK01,704.198,500
CLRCRK01,706.949,1000
CLRCRK01,709.064,1500
CLRCRK01,710.435,2000
CLRCRK01,711.369,2500
CLRCRK01,712.176,3000
CLRCRK01,713.579,4000
CLRCRK01,714.819,5000
FOURMLE01,822.83,0
FOURMLE01,822.964,1
FOURMLE01,823.278,25
FOURMLE01,823.44,50
FOURMLE01,823.905,100
FOURMLE01,824.63,200
FOURMLE01,826.268,500
FOURMLE01,828.327,1000
FOURMLE01,829.994,1500
FOURMLE01,830.982,1821
FOURMLE01,832.572,2500
FOURMLE01,833.476,3000
FOURMLE01,834.325,3777
FOURMLE01,834.814,4500
FOURMLE01,835.074,5000
FOURMLE01,835.243,5358
FOURMLE01,835.754,6500
FOURMLE01,836.181,7540
FOURMLE01,836.36,8000
FOURMLE01,836.726,9256
FOURMLE01,837.145,11054
FOURMLE01,837.602,12863
SSKNK02,771.46,0
SSKNK02,775.139,1
SSKNK02,775.653,10
SSKNK02,777.019,100
SSKNK02,777.585,200
SSKNK02,778.625,500
SSKNK02,779.775,1000
SSKNK02,781.427,2000
SSKNK02,782.718,3000
SSKNK02,783.843,4000
SSKNK02,784.863,5000
SSKNK02,786.691,7000
SSKNK02,787.267,8000
SSKNK02,787.663,9000
SSKNK02,787.996,10000
SSKNK02,788.757,13000
SSKNK02,788.966,14000
SSKNK02,789.161,15000
SSKNK02,789.674,18000
SSKNK02,789.975,20000
SSKNK02,790.255,22000
SSKNK02,790.507,24000
SSKNK02,790.757,26000
SSKNK02,791.001,28000
DSMNSRV04,895.2,0
DSMNSRV04,896.327,1
DSMNSRV04,896.673,10
DSMNSRV04,897.521,100
DSMNSRV04,897.982,200
DSMNSRV04,898.332,300
DSMNSRV04,898.884,500
DSMNSRV04,899.937,1000
DSMNSRV04,900.744,1500
DSMNSRV04,901.44,2000
DSMNSRV04,903.663,4000
DSMNSRV04,905.44,6000
DSMNSRV04,907.038,8000
DSMNSRV04,908.382,10000
DSMNSRV04,913.061,20000
DSMNSRV04,916.222,30000
DSMNSRV04,920.96,50000
DSMNSRV04,923.072,60000
MQKTARV04,902.01,0
MQKTARV04,902.325,1
MQKTARV04,903.033,10
MQKTARV04,904.214,100
MQKTARV04,904.838,200
MQKTARV04,906.026,500
MQKTARV04,907.403,1000
MQKTARV04,908.534,1500
MQKTARV04,909.515,2000
MQKTARV04,913.179,5000
MQKTARV04,914.51,7000
MQKTARV04,916.08,10000
MQKTARV04,918.258,15000
MQKTARV04,920.199,20000
MQKTARV04,921.824,25000
COFFINSCR01,963.49,0
COFFINSCR01,966.289,10
COFFINSCR01,966.888,50
COFFINSCR01,967.368,100
COFFINSCR01,968.073,200
COFFINSCR01,969.509,500
COFFINSCR01,970.543,800
COFFINSCR01,971.123,1000
COFFINSCR01,971.642,1200
COFFINSCR01,971.642,1200
COFFINSCR01,972.172,1430
COFFINSCR01,975.015,2970
COFFINSCR01,976.107,3800
COFFINSCR01,976.435,4430
COFFINSCR01,976.512,4800
COFFINSCR01,977.002,5800
COFFINSCR01,977.382,6640
COFFINSCR01,977.541,7000
COFFINSCR01,978.009,8130
COFFINSCR01,978.552,9570
COFFINSCR01,979.461,12300
HNYCRK01,944.7,0
HNYCRK01,945.371,10
HNYCRK01,946.09,50
HNYCRK01,946.694,100
HNYCRK01,947.477,200
HNYCRK01,949.072,500
HNYCRK01,950.123,800
HNYCRK01,950.669,1000
HNYCRK01,951.166,1200
HNYCRK01,951.572,1500
HNYCRK01,952.261,2000
HNYCRK01,952.489,2200
HNYCRK01,953.279,2980
HNYCRK01,953.283,3000
HNYCRK01,954.001,4000
HNYCRK01,954.291,4400
HNYCRK01,954.718,5000
HNYCRK01,955.07,5500
HNYCRK01,955.419,6000
HNYCRK01,955.794,6530
HNYCRK01,956.672,7950
HNYCRK01,957.501,9330
HNYCRK01,958.946,12000
